{"cameraMode":{"drawMode":0,"name":"Shaded","section":"Shading Mode"},"sceneLighting":false,"audioPlay":false,"sceneViewState":{"showFog":true,"showMaterialUpdate":true,"showSkybox":false,"showFlares":true,"showImageEffects":true,"showParticleSystems":true,"showVisualEffectGraphs":true,"m_FxEnabled":true},"in2DMode":false,"pivot":{"x":-0.08260726928710938,"y":-0.1975257396697998,"z":0.47740912437438967},"rotation":{"x":-0.056764066219329837,"y":-0.6985155940055847,"z":0.055543724447488788,"w":-0.7112059593200684},"size":8.098569869995118,"orthographic":true}