{"cameraMode":{"drawMode":0,"name":"Shaded","section":"Shading Mode"},"sceneLighting":false,"audioPlay":false,"sceneViewState":{"showFog":true,"showMaterialUpdate":true,"showSkybox":false,"showFlares":true,"showImageEffects":true,"showParticleSystems":true,"showVisualEffectGraphs":true,"m_FxEnabled":false},"in2DMode":false,"pivot":{"x":0.19342267513275147,"y":0.14313113689422608,"z":-0.051999568939208987},"rotation":{"x":-0.06826881319284439,"y":-0.9302625060081482,"z":-0.22616936266422273,"w":0.28075388073921206},"size":6.6408491134643559,"orthographic":false}