{"cameraMode":{"drawMode":0,"name":"Shaded","section":"Shading Mode"},"sceneLighting":false,"audioPlay":false,"sceneViewState":{"showFog":true,"showMaterialUpdate":true,"showSkybox":false,"showFlares":true,"showImageEffects":true,"showParticleSystems":true,"showVisualEffectGraphs":true,"m_FxEnabled":true},"in2DMode":false,"pivot":{"x":-0.08925408124923706,"y":-0.020033597946166993,"z":-0.16336902976036073},"rotation":{"x":0.24338793754577638,"y":-0.5008548498153687,"z":0.14919164776802064,"w":0.8171021938323975},"size":1.1660256385803223,"orthographic":false}